[
  {
    "id":1,
    "title":"Кроссовки Reebok Club C 85",
    "price":7490,
    "mainImage":"./data/images/1/1.webp",
    "gallery":[
      "./data/images/1/1.webp",
      "./data/images/1/2.webp",
      "./data/images/1/3.webp"
    ],
    "sizes":[
      8,
      8.5,
      9,
			9.5
    ],
    "description":"Кроссовки Nike Blazer Mid '77 Vintage Suede с винтажной подошвой возрождают стиль баскетбольных моделей Nike прошлого, создавая впечатление, что они хранились в шкафу долгие годы. ",
    "chars":{
      "Пол":"Мужское",
      "Цвета":"Разноцветный",
			"Страна": "Вьетнам",
      "Состав":"Кожа, текстиль, резина"
    },
    "video":"https://www.youtube.com/embed/d1aMNvKUtx0"
  },
  {
    "id":2,
    "title":"Кроссовки Nike Waffle Trainer 2 SP",
    "oldPrice":10000,
    "price":8500,
    "mainImage":"./data/images/2/1.webp",
    "gallery":[
      "./data/images/2/1.webp",
      "./data/images/2/2.webp",
      "./data/images/2/3.webp"
    ],
    "sizes":[
      4,
      4.5,
      5,
			5.5,
			6,
			6.5,
			8
    ],
    "description":"Кроссовки Nike Blazer Mid '77 Vintage Suede с винтажной подошвой возрождают стиль баскетбольных моделей Nike прошлого, создавая ",
    "chars":{
      "Страна":"Индонезия",
      "Цвета":"Оранжевый",
      "Состав":"Текстиль, резина"
    }
  },
	{
    "id":3,
    "title":"Кроссовки adidas Originals Broomfield",
    "price":8490,
    "mainImage":"./data/images/3/1.webp",
    "gallery":[
      "./data/images/3/1.webp",
      "./data/images/3/2.webp"
    ],
    "sizes":[
      8,
      10
    ],
    "description":"Кроссовки Nike Blazer Mid '77 Vintage Suede с винтажной подошвой возрождают стиль баскетбольных моделей Nike прошлого, создавая ",
    "chars":{
      "Страна":"Вьетнам",
      "Цвета":"Белый",
      "Состав":"Кожа, синтетика, текстиль, резина"
    }
  },
	{
    "id":4,
    "title":"Кроссовки Nike WMNS Lahar Low",
    "price":11000,
    "mainImage":"./data/images/4/1.webp",
    "gallery":[
      "./data/images/4/1.webp",
      "./data/images/4/2.webp",
			"./data/images/4/3.webp",
      "./data/images/4/4.webp",
			"./data/images/4/5.webp"
    ],
    "sizes":[
      9.5,
      11.5,
			12
    ],
    "description":"Кроссовки Nike Blazer Mid '77 Vintage Suede с винтажной подошвой возрождают стиль баскетбольных моделей Nike прошлого, создавая ",
    "chars":{
      "Страна":"Вьетнам",
      "Цвета":"Коричневый",
      "Состав":"Кожа, текстиль, резина"
    }
  },
	{
    "id":5,
    "title":"Кроссовки Nike WMNS Blazer Mid",
    "price":8490,
    "mainImage":"./data/images/5/1.webp",
    "gallery":[
      "./data/images/5/1.webp",
      "./data/images/5/2.webp",
			"./data/images/5/3.webp"
    ],
    "sizes":[
      9.5,
      11.5,
			12
    ],
    "description":"WMNS Blazer Mid '77 SE — кроссовки в женской размерной сетке выполнены из натуральной кожи с контрастными swoosh с принтом шкуры леопарда. Модель средней высоты укреплена вставками из натуральной замши и посажена на подошву белого оттенка с зигзагообразным узором протектора.",
    "chars":{
      "Страна":"Вьетнам",
      "Цвета":"Белый",
      "Состав":"Кожа, текстиль, резина"
    }
  },
	{
    "id":6,
    "title":"Кроссовки Nike Air Force 1",
    "price":9990,
    "mainImage":"./data/images/6/1.webp",
    "gallery":[
      "./data/images/6/1.webp",
      "./data/images/6/2.webp",
			"./data/images/6/3.webp"
    ],
    "sizes":[
      9.5,
      11.5,
			12
    ],
    "description":"WMNS Blazer Mid '77 SE — кроссовки в женской размерной сетке выполнены из натуральной кожи с контрастными swoosh с принтом шкуры леопарда. Модель средней высоты укреплена вставками из натуральной замши и посажена на подошву белого оттенка с зигзагообразным узором протектора.",
    "chars":{
      "Страна":"Вьетнам",
      "Цвета":"Серый",
      "Состав":"Кожа, текстиль, резина"
    }
  },
	{
    "id":7,
    "title":"Кроссовки PUMA Suede Teams",
    "price":6990,
    "mainImage":"./data/images/7/1.webp",
    "gallery":[
      "./data/images/7/1.webp",
      "./data/images/7/2.webp",
			"./data/images/7/3.webp"
    ],
    "sizes":[
      8,
      9.5,
			13,
			15
    ],
    "description":"WMNS Blazer Mid '77 SE — кроссовки в женской размерной сетке выполнены из натуральной кожи с контрастными swoosh с принтом шкуры леопарда. Модель средней высоты укреплена вставками из натуральной замши и посажена на подошву белого оттенка с зигзагообразным узором протектора.",
    "chars":{
      "Страна":"Румыния",
      "Цвета":"Зеленый",
      "Состав":"Кожа, текстиль, резина"
    }
  },
	{
    "id":8,
    "title":"Кроссовки PUMA Ralph Samspon",
    "price":9990,
    "mainImage":"./data/images/8/1.webp",
    "gallery":[
      "./data/images/8/1.webp",
      "./data/images/8/2.webp",
			"./data/images/8/3.webp"
    ],
    "sizes":[
      8,
      8.5,
			10,
			12
    ],
    "description":"WMNS Blazer Mid '77 SE — кроссовки в женской размерной сетке выполнены из натуральной кожи с контрастными swoosh с принтом шкуры леопарда. Модель средней высоты укреплена вставками из натуральной замши и посажена на подошву белого оттенка с зигзагообразным узором протектора.",
    "chars":{
      "Страна":"Китай",
      "Цвета":"Белый",
      "Состав":"Кожа, текстиль, резина"
    }
  },
	{
    "id":9,
    "title":"Кроссовки Nike Air Force",
    "price":11000,
    "mainImage":"./data/images/9/1.webp",
    "gallery":[
      "./data/images/9/1.webp",
      "./data/images/9/2.webp",
			"./data/images/9/3.webp",
			"./data/images/9/4.webp"
    ],
    "sizes":[
      15
    ],
    "description":"WMNS Blazer Mid '77 SE — кроссовки в женской размерной сетке выполнены из натуральной кожи с контрастными swoosh с принтом шкуры леопарда. Модель средней высоты укреплена вставками из натуральной замши и посажена на подошву белого оттенка с зигзагообразным узором протектора.",
    "chars":{
      "Страна":"Вьетнам",
      "Цвета":"Белый / Розовый",
      "Состав":"Кожа, текстиль, резина"
    }
  },
	{
    "id":10,
    "title":"Кроссовки Reebok Club C 85",
    "price":7490,
    "mainImage":"./data/images/1/1.webp",
    "gallery":[
      "./data/images/1/1.webp",
      "./data/images/1/2.webp",
      "./data/images/1/3.webp"
    ],
    "sizes":[
      8,
      8.5,
      9,
			9.5
    ],
    "description":"Кроссовки Nike Blazer Mid '77 Vintage Suede с винтажной подошвой возрождают стиль баскетбольных моделей Nike прошлого, создавая впечатление, что они хранились в шкафу долгие годы. ",
    "chars":{
      "Пол":"Мужское",
      "Цвета":"Разноцветный",
			"Страна": "Вьетнам",
      "Состав":"Кожа, текстиль, резина"
    },
    "video":"https://www.youtube.com/embed/d1aMNvKUtx0"
  },
  {
    "id":11,
    "title":"Кроссовки Nike Waffle Trainer 2 SP",
    "oldPrice":10000,
    "price":8500,
    "mainImage":"./data/images/2/1.webp",
    "gallery":[
      "./data/images/2/1.webp",
      "./data/images/2/2.webp",
      "./data/images/2/3.webp"
    ],
    "sizes":[
      4,
      4.5,
      5,
			5.5,
			6,
			6.5,
			8
    ],
    "description":"Кроссовки Nike Blazer Mid '77 Vintage Suede с винтажной подошвой возрождают стиль баскетбольных моделей Nike прошлого, создавая ",
    "chars":{
      "Страна":"Индонезия",
      "Цвета":"Оранжевый",
      "Состав":"Текстиль, резина"
    }
  }
]
